﻿<?xml version="1.0" encoding="UTF-8"?>

<beans xmlns="http://www.springframework.org/schema/beans"
       xmlns:xsi="http://www.w3.org/2001/XMLSchema-instance"
       xmlns:tx="http://www.springframework.org/schema/tx"
       xsi:schemaLocation="http://www.springframework.org/schema/beans
                           http://www.springframework.org/schema/beans/spring-beans-4.3.xsd
                           http://www.springframework.org/schema/tx
                           http://www.springframework.org/schema/tx/spring-tx.xsd"
       default-lazy-init="true">



    <description>数据库配置</description>
    
    
    <!-- 数据源配置,使用c3p0做数据库连接池 -->
    <bean id="dataSource" class="com.mchange.v2.c3p0.ComboPooledDataSource" destroy-method="close">
        <property name="driverClass" value="${jdbc.driver}" /><!-- oracle.jdbc.driver.OracleDriver -->
        <property name="jdbcUrl" value="${jdbc.url}" /><!-- jdbc:oracle:thin:@127.0.0.1:1521:orcl -->
        <property name="user" value="${jdbc.username}" />
        <property name="password" value="${jdbc.password}" />
        <!--连接池中保留的最小连接数。 -->
        <property name="minPoolSize" value="3" />
        <!--连接池中保留的最大连接数。Default: 15 -->
        <property name="maxPoolSize" value="30" />
        <!--最大空闲时间,1800秒内未使用则连接被丢弃。若为0则永不丢弃。Default: 0 -->
        <property name="maxIdleTime" value="1800" />
    </bean>
    
     <bean id="dataSourceX" class="com.mchange.v2.c3p0.ComboPooledDataSource" destroy-method="close">
        <property name="driverClass" value="${jdbc.driver}" /><!-- oracle.jdbc.driver.OracleDriver -->
        <property name="jdbcUrl" value="${partition.jdbc.url}" /><!-- jdbc:oracle:thin:@127.0.0.1:1521:orcl -->
        <property name="user" value="${partition.jdbc.username}" />
        <property name="password" value="${partition.jdbc.password}" />
        <!--连接池中保留的最小连接数。 -->
        <property name="minPoolSize" value="3" />
        <!--连接池中保留的最大连接数。Default: 15 -->
        <property name="maxPoolSize" value="30" />
        <!--最大空闲时间,1800秒内未使用则连接被丢弃。若为0则永不丢弃。Default: 0 -->
        <property name="maxIdleTime" value="1800" />
    </bean>
    
    <bean id="jdbcTemplate" class="cn.jesong.webcall.cuour.dao.OracleJdbcTemplate"><!-- org.springframework.jdbc.core.JdbcTemplate -->
        <property name="dataSource">
            <ref bean="dataSource" />
        </property>
    </bean>
    
    <bean id="jdbcTemplateX" class="cn.jesong.webcall.cuour.dao.OracleJdbcTemplate">
        <property name="dataSource">
            <ref bean="dataSourceX" />
        </property>
    </bean>
    
    <bean id="sessionFactory" class="org.springframework.orm.hibernate5.LocalSessionFactoryBean" lazy-init="false">
        <property name="dataSource" ref="dataSource" />
        <property name="implicitNamingStrategy">
            <bean class="org.hibernate.boot.model.naming.ImplicitNamingStrategyLegacyHbmImpl"/>
        </property>
        <property name="hibernateProperties">
            <props>
            	<prop key="hibernate.dialect">
                    org.hibernate.dialect.Oracle9iDialect
                </prop>
                <prop key="hibernate.show_sql">true</prop>
                <prop key="hibernate.format_sql">true</prop>
                <prop key="hibernate.implicit_naming_strategy">
                    org.hibernate.boot.model.naming.ImplicitNamingStrategyLegacyHbmImpl
                </prop>
            </props>
        </property>
        <property name="packagesToScan" value="cn.jesong.webcall.cuour.entity" />
    </bean>
    
    <bean id="transactionManager" class="org.springframework.orm.hibernate5.HibernateTransactionManager">
        <property name="sessionFactory" ref="sessionFactory" />
    </bean>


    <!-- 使用annotation定义事务 -->
    <tx:annotation-driven proxy-target-class="true" />
</beans>