<?xml version="1.0" encoding="UTF-8"?>
<beans xmlns="http://www.springframework.org/schema/beans"
       xmlns:xsi="http://www.w3.org/2001/XMLSchema-instance"
       xmlns:context="http://www.springframework.org/schema/context"
       xsi:schemaLocation="http://www.springframework.org/schema/beans
                           http://www.springframework.org/schema/beans/spring-beans-4.3.xsd
                           http://www.springframework.org/schema/context
                           http://www.springframework.org/schema/context/spring-context-4.3.xsd" default-autowire="byName">
       
    <bean class="cn.jesong.webcall.cuour.config.spring.PropertyConfig"></bean>
       
    <context:property-placeholder location="classpath*:log4j.properties" />
    
    <bean id="multipartResolver" class="org.springframework.web.multipart.commons.CommonsMultipartResolver">
        <property name="maxUploadSize" value="1048576"/>
     </bean>
    
    <import resource="cuour-database.xml"/>
    
    <import resource="cuour-filter.xml"/>
    <import resource="cuour-dubbo.xml"/>
    
    <context:component-scan base-package="cn.jesong.webcall.cuour" />    
    
    <context:component-scan base-package="cn.eutils.web.platform" />
    
    
    <bean class="cn.jesong.webcall.cuour.cache.local.LocalCacheFactory" />
</beans>