<?xml  version="1.0"  encoding="UTF-8"?>

<beans xmlns="http://www.springframework.org/schema/beans"
       xmlns:xsi="http://www.w3.org/2001/XMLSchema-instance"
       xmlns:context="http://www.springframework.org/schema/context"
       xmlns:mvc="http://www.springframework.org/schema/mvc"
       xsi:schemaLocation="http://www.springframework.org/schema/beans
                           http://www.springframework.org/schema/beans/spring-beans-4.3.xsd
                           http://www.springframework.org/schema/context
                           http://www.springframework.org/schema/context/spring-context-4.3.xsd
                           http://www.springframework.org/schema/mvc
                           https://www.springframework.org/schema/mvc/spring-mvc.xsd">

    <mvc:resources mapping="/statics/**" location="/statics/"/>
    <mvc:resources mapping="/MP_verify_xFlEIM2ptc1d3IW1.txt" location="/"/>
    <context:component-scan base-package="cn.jesong.webcall.cuour">
        <context:include-filter type="annotation" expression="org.springframework.stereotype.Controller" />
        <context:exclude-filter type="annotation" expression="org.springframework.stereotype.Service" />
    </context:component-scan>
    <context:component-scan base-package="cn.eutils.web.platform">
        <context:include-filter type="annotation" expression="org.springframework.stereotype.Controller" />
        <context:exclude-filter type="annotation" expression="org.springframework.stereotype.Service" />
    </context:component-scan>
    <bean id="requestBindInterceptorAdapter" class="cn.eutils.web.platform.permission.user.RequestInterceptorAdapter" />
    <!--	<bean class="org.springframework.web.servlet.mvc.annotation.DefaultAnnotationHandlerMapping">-->
    <!--		<property name="interceptors">-->
    <!--			<list>-->
    <!--				<ref bean="requestBindInterceptorAdapter" />-->
    <!--			</list>-->
    <!--		</property>-->
    <!--	</bean>-->

    <mvc:interceptors>
        <mvc:interceptor>
            <mvc:mapping path="/**"/>
            <bean class="cn.eutils.web.platform.permission.user.RequestInterceptorAdapter"/>
        </mvc:interceptor>
    </mvc:interceptors>

    <mvc:annotation-driven>
        <!--消息转换器-->
        <mvc:message-converters>
            <bean class="org.springframework.http.converter.StringHttpMessageConverter"/>
            <bean class="org.springframework.http.converter.json.MappingJackson2HttpMessageConverter"/>
        </mvc:message-converters>
    </mvc:annotation-driven>
    <!--    <bean class="org.springframework.web.servlet.mvc.annotation.DefaultAnnotationHandlerMapping"/>-->
    <!--    <bean class="org.springframework.web.servlet.mvc.annotation.AnnotationMethodHandlerAdapter">-->
    <!--    	 <property name="messageConverters">-->
    <!--            <list>-->
    <!--                 <bean class="org.springframework.http.converter.json.MappingJacksonHttpMessageConverter"/>-->
    <!--            </list>-->
    <!--        </property>-->
    <!--	</bean>-->

    <!-- 对模型视图名称的解析,即在模型视图名称添加前后缀 -->
    <bean id="viewResolver"
          class="org.springframework.web.servlet.view.InternalResourceViewResolver">
        <!-- 查找视图页面的前缀和后缀 -->
        <property name="viewClass" value="org.springframework.web.servlet.view.JstlView"/>
        <property name="prefix" value="/WEB-INF/pages/"/>
        <property name="suffix" value=".jsp"/>
    </bean>

    <!--    <bean class="org.springframework.web.servlet.view.ContentNegotiatingViewResolver">-->
    <!--        <property name="ignoreAcceptHeader" value="false"/>-->
    <!--        <property name="defaultContentType" value="text/html"/>-->

    <!--        <property name="mediaTypes">-->
    <!--            <map>-->
    <!--                <entry key="json" value="application/json"/>-->
    <!--                <entry key="xml" value="application/xml"/>-->
    <!--            </map>-->
    <!--        </property>-->


    <!--        <property name="favorParameter" value="false"/>-->

    <!--        <property name="viewResolvers">-->
    <!--            <list>-->
    <!--                <bean class="org.springframework.web.servlet.view.BeanNameViewResolver"/>-->
    <!--                <bean class="org.springframework.web.servlet.view.InternalResourceViewResolver">-->
    <!--                    <property name="viewClass" value="org.springframework.web.servlet.view.JstlView"/>-->
    <!--                    <property name="prefix" value="/WEB-INF/pages/"/>-->
    <!--                    <property name="suffix" value=".jsp"/>-->
    <!--                </bean>-->
    <!--            </list>-->
    <!--        </property>-->
    <!--        <property name="defaultViews">-->
    <!--            <list>-->

    <!--                <bean class="org.springframework.web.servlet.view.json.MappingJacksonJsonView"/>-->

    <!--            </list>-->
    <!--        </property>-->
    <!--    </bean>-->
</beans>