<?xml version="1.0" encoding="UTF-8"?>
<project xmlns="http://maven.apache.org/POM/4.0.0" xmlns:xsi="http://www.w3.org/2001/XMLSchema-instance" xsi:schemaLocation="http://maven.apache.org/POM/4.0.0 http://maven.apache.org/maven-v4_0_0.xsd">
  <parent>
    <artifactId>webcall-cuour-web</artifactId>
    <groupId>cn.jesong</groupId>
    <version>1.0.0.RELEASE</version>
  </parent>
  <modelVersion>4.0.0</modelVersion>
  <artifactId>webcall-cuour-distribution</artifactId>
  <description>名片分配服务</description>
  <build>
    <resources>
      <resource>
        <directory>src/main/resources</directory>
        <includes>
          <include>**/*.*</include>
        </includes>
      </resource>
      <resource>
        <directory>src/main/java</directory>
        <includes>
          <include>**/*.xml</include>
        </includes>
      </resource>
    </resources>
    <plugins>
      <plugin>
        <artifactId>maven-compiler-plugin</artifactId>
        <configuration>
          <target>1.8</target>
          <source>1.8</source>
        </configuration>
      </plugin>
      <plugin>
        <artifactId>maven-shade-plugin</artifactId>
        <executions>
          <execution>
            <phase>package</phase>
            <goals>
              <goal>shade</goal>
            </goals>
            <configuration>
              <transformers>
                <transformer>
                  <resource>META-INF/spring.handlers</resource>
                </transformer>
                <transformer>
                  <resource>META-INF/spring.schemas</resource>
                </transformer>
                <transformer>
                  <resource>META-INF/spring.tooling</resource>
                </transformer>
                <transformer>
                  <mainClass>cn.jesong.webcall.cuour.DistributionStarterApplication</mainClass>
                </transformer>
              </transformers>
            </configuration>
          </execution>
        </executions>
      </plugin>
    </plugins>
  </build>
  <dependencies>
    <dependency>
      <groupId>org.apache.rocketmq</groupId>
      <artifactId>rocketmq-all</artifactId>
      <version>4.3.2</version>
      <type>pom</type>
      <scope>compile</scope>
    </dependency>
  </dependencies>
</project>
